asset_id,audio,image,report,modality,region
DPM89130,DPM89130.MP3,89130.jpg,"ABDOMINAL AND PELVIC RETROPERITONEAL ULTRASONOGRAPHY:
Liver has normal size and homogenous parenchymal echo with no S.O.L. .
Hepatic and portosplenic venous system have normal diameter.
Intra and extra hepatic biliary ducts appear normal .
Gall bladder has normal wall thickness with no mass , or stone.
Splenic size(Span= 94 mm) and echotexture are normal , with no S.O.L.
Visualized of pancreas has normal size and echo with no S.O.L.
No para aortic mass or enlarged lymph node seen .
Both kidneys show normal size ( right = 107x44 mm & left= 105x44 mm ) , contour and parenchymal echotexture.
There is mild to moderate hydronephrosis in right kidney with dilatation of right ureter due to 6mm stone impacted in distal part of right ureter about 40 mm proximal to right UVJ .
There is no evidence of hydronephrosis or stone in left kidney .
U.bladder is semi distended with no mass or stone but contain some echogenic debris in favor of hematuria or infection and correlation with UA is recommended .
No ascites or fluid collection is seen.
Prostate has normal size and volume = 23 cc , with homogenous echo with no S.O.L.
Seminal vessicles appear normal .
There is no definite sign of mass or collection in visualized part of retroperitoneal space.
",Ultrasound,Hepatobiliary;Retroperitoneum;Bladder;Genitourinary (Male)
DPM89136,DPM89136.MP3,89136.jpg,"ABDOMINAL AND PELVIC AND RETROPERITONEAL SONOGRAPHY :
Liver has normal size with mild uniform increased parenchymal echo with no S.O.L. ,in favor of grade 1 fatty liver.
Hepatic and portosplenic venous system have normal diameter.
Intra and extra hepatic biliary ducts appear normal.
Gall bladder has normal wall thickness with no mass , or stone.
Splenic size (span = 107 mm)and echotexture are normal , with no S.O.L.
Visualized part of pancreas and para aortic areas have normal appearance.
Both kidneys show normal size (RT kidney : 111x47mm &LT: 112x48 mm), contour and parenchymal echotexture.
There is no evidence of hydronephrosis or stone.
Urinary bladder is semi distended with no stone or mass.
Prostate has normal size and volume = 21 cc , with homogenous echo with no S.O.L
Seminal vessicles appear normal.
There is no definite sign of mass or collection in visualized part of retroperitoneal space.
Minimal free fluid was seen in abdominopelvic cavity and there is 53x26mm lobulated border confined area of fluid collection with few septa in abdominal cavity at the level of umbilicus in favor of fluid collection around the site of VP-shunt however F/U the patient is recommended
",Ultrasound,Hepatobiliary;Retroperitoneum;Bladder;Abdomen
DPM89151,DPM89151.MP3,89151.jpg,"ABDOMINAL AND PELVIC RETROPERITONEAL ULTRASONOGRAPHY:
Liver has normal size and homogenous parenchymal echo with no S.O.L. .
Hepatic and portosplenic venous system have normal diameter.
Intra and extra hepatic biliary ducts appear normal .
Gall bladder is semi distended with normal wall thickness & contain few stones the largest is 9mm without sign of acute cholecystitis .
Splenic size(Span=126 mm) and echotexture are normal , with no S.O.L.
Visualized of pancreas has normal size and echo with no S.O.L.
No para aortic mass or enlarged lymph node seen .
Both kidneys show normal size ( right = 118x49 mm & left=118x51 mm ) , contour and parenchymal echotexture.
There is 5 mm stone in lower pole of left kidney with no hydronephrosis .
There are two 27 mm & 18 mm simple cyst in junction of mid and upper poles of left kidney .
There is no evidence of hydronephrosis or stone in right kidney .
Urinary bladder is semi distended with diffuse thick (4.2mm) wall in favor of chronic outlet obstruction and there are multiple (more than 10 stones ) in the base of urinary bladder the largest is 22mm.
No ascites or fluid collection is seen.
Prostate is significantly enlarged , measuring about ( 50x56x66mm) , volume =98 cc , with mild lobulated border and inhomogenous parenchymal echogenicity and bulging into the base of urinary bladder in favor of B.P.H. however correlation with PSA and FNA is recommended .
Seminal vessicles appear normal .
There is no definite sign of mass or collection in visualized part of retroperitoneal space.
PVR =10cc.
",Ultrasound,Hepatobiliary;Retroperitoneum;Bladder;Genitourinary (Male)
DPM89170,DPM89170.MP3,89170.jpg,"ABDOMINAL AND PELVIC AND RETROPERITONEAL SONOGRAPHY :
Liver has normal size with mild to moderate uniform increased parenchymal echo with no S.O.L. ,in favor of grade 1-2 fatty liver.
Hepatic and portosplenic venous system have normal diameter.
Intra and extra hepatic biliary ducts appear normal.
Gall bladder has normal wall thickness with no mass , or stone.
Splenic size (span =122 mm)and echotexture are normal , with no S.O.L.
Visualized part of pancreas and para aortic areas have normal appearance.
Both kidneys show normal size (RT kidney : 128x54 mm &LT: 125x52mm), contour and parenchymal echotexture.
There is no evidence of hydronephrosis or stone.
Urinary bladder is semi distended with no stone or mass.
There is no ascites.
Prostate has normal size and volume = 18 cc , with homogenous echo with no S.O.L
Seminal vessicles appear normal.
There is no definite sign of mass or collection in visualized part of retroperitoneal space.
",Ultrasound,Hepatobiliary;Retroperitoneum;Bladder;Genitourinary (Male)
DPM89196,DPM89196.MP3,89196.jpg,"ABDOMINAL AND PELVIC AND RETROPERITONEAL ULTRASONOGRAPHY :
Liver has normal size and homogenous parenchymal echo .
There is 22x21mm echogenic lesion at postero-inferior segment (segment 6) , a 16x9mm same lesion at antero-inferior segment (segment 5) of right hepatic lobe & another 9x7mm same lesion in left hepatic lobe more in favor of hemangiomas .
Hepatic and portosplenic venous system have normal diameter.
Intra and extra hepatic biliary ducts appear normal.
Gall bladder has normal wall thickness with no mass , or stone.
Splenic size (Span =99 mm)and echotexture are normal, with no S.O.L.
Visualized part of pancreas has normal size and echo with no S.O.L .
No para aortic mass or enlarged lymph node seen.
Both kidneys show normal size (RT kidney : 108x43 mm & LT: 106x49 mm), contour and parenchymal echotexture.
There is 8.4 mm stone in lower pole of left kidney with no hydronephrosis .
There is no evidence of hydronephrosis or stone in right kidney .
U.bladder is normal with no stone , mass lesion or urothelial thickening .
Uterus has normal size with homogenous myometrial echo.
Endometrial cavity is empty and the endometrial thickness is normal 6 mm.
Left ovary has normal size and echo texture with no cystic or solid mass lesion .
Right ovary was not seen due to previous resection .
There is no abdominal mass or ascites.
There is no definite sign of mass or collection in visualized part of retroperitoneal space.
",Ultrasound,Hepatobiliary;Retroperitoneum;Bladder;Genitourinary (Female)
DPM89197,DPM89197.MP3,89197.jpg,"ABDOMINAL AND PELVIC & RETROPERITONEAL ULTRASONOGRAPHY :
Liver has normal size with mild to moderate uniform increased parenchymal echo with no S.O.L. in favor of grade 1-2 fatty liver.
Hepatic and portosplenic venous system have normal diameter.
Intra and extra hepatic biliary ducts appear normal.
Gall bladder has normal wall thickness with no mass , or stone.
Splenic size (Span = 111 mm)and echotexture are normal, with no S.O.L.
Visualized part of pancreas has normal size and echo with no S.O.L .
No para aortic mass or enlarged lymph node seen.
Both kidneys show normal size(RT kidney : 107x40 mm & LT: 107x48 mm) , contour and parenchymal echotexture.
There is 3 mm stone in mid pole of left kidney with no hydronephrosis
There is no evidence of hydronephrosis or stone in right kidney .
U.bladder is normal with no stone , mass lesion or urothelial thickening .
Uterus has normal size with homogenous myometrial echo.
Endometrial thickness is 12 mm & mildly irregular and a rim of fluid was seen in the endometrial cavity in favor of inflammatory process (endometritis ) and F/U the patient & physical examination is recommended .
Ovaries have normal size and echo texture with no cystic or solid mass lesion .
There is no abdominal mass or ascites.
There is no definite sign of mass or collection in visualized part of retroperitoneal space.
There is no definite sonographic sign of appendicitis at this time however correlation with lab data and physical examination is recommended .
",Ultrasound,Hepatobiliary;Retroperitoneum;Bladder;Genitourinary (Female)
DPM89247,DPM89247.MP3,89247.jpg,"ABDOMINAL AND PELVIC & RETROPERITONEAL ULTRASONOGRAPHY :
Liver has normal size with mild to moderate uniform increased parenchymal echo with no S.O.L. in favor of grade 1-2 fatty liver.
Hepatic and portosplenic venous system have normal diameter.
Intra and extra hepatic biliary ducts appear normal.
Gall bladder was not seen due to previous cholecystectomy .
Splenic size (Span = 84 mm)and echotexture are normal, with no S.O.L.
Visualized part of pancreas has normal size and echo with no S.O.L .
No para aortic mass or enlarged lymph node seen.
Both kidneys show normal size(RT kidney : 128x43 mm & LT: 127x49 mm) , contour and parenchymal echotexture.
There is minimal hydronephrosis in right kidney with mild dilatation of right ureter with no definite stone more in favor of mild VU reflux .
There is no evidence of hydronephrosis or stone in left kidney .
U.bladder is normal with no stone or mass lesion but contain some echogenic debris in favor of hematuria or infection and correlation with UA is recommended .
Uterus and ovaries are small with no solid or cystic mass was seen.
There is no abdominal mass or ascites.
There is no definite sign of mass or collection in visualized part of retroperitoneal space.
",Ultrasound,Hepatobiliary;Retroperitoneum;Bladder;Genitourinary (Female)
DPM89272,DPM89272.MP3,89272.jpg,"ABDOMINAL AND PELVIC RETROPERITONEAL ULTRASONOGRAPHY:
Liver has normal size and homogenous parenchymal echo with no S.O.L.
Hepatic and portosplenic venous system have normal diameter.
Gall bladder is over distended with mild diffuse increased wall thickness (3.2mm) wall and there are some echogenic sludge and few stones in the dependent part of gall bladder the largest is 20mm in favor of early stage of acute cholecystitis and F/U the patient is recommended.
CBD is significantly dilated (19.5mm) and a 33x14mm echogenic lesion was seen in the proximal part of CBD more in favor of inspissated sludge rather than mass however correlation with ERCP is recommended .
Mild to moderate dilatation of intra hepatic bile ducts was seen .
Splenic size(Span= 114 mm) and echotexture are normal , with no S.O.L.
Visualized of pancreas has normal size and echo with no S.O.L.
No para aortic mass or enlarged lymph node seen .
Left kidney show normal size (94x46mm ) , contour and parenchymal echotexture.
Right kidney has normal size (108x56mm) and there is 47x37 mm heterogenous iso to hypoechoic mass in mid and lower poles of right kidney in favor of malignant tumoral lesion and correlation with CT scan with contrast & tissue diagnosis is recommended .
There are few cysts in both kidneys the largest in right side is 33mm & in left side is 25mm.
There is 11 mm stone injunction of mid and lower poles & 5 mm stone in lower pole of left kidney with no hydronephrosis .
There are few smaller than 5 mm stones in right kidney with no hydronephrosis .
Urinary bladder is semi distended with diffuse irregular thick (4.3mm) wall with no stone or mass in favor of chronic outlet obstruction .
No ascites or fluid collection is seen.
Prostate is enlarged , measuring about ( 48x62x50mm) , volume = 80 cc , with heterogenous echo with no S.O.L. There is hypertrophy of central gland , which protrude to bladder base , in favor of B.P.H. correlation with PSA and FNA is recommended .
Seminal vessicles appear normal .
There is no definite sign of mass or collection in visualized part of retroperitoneal space.
",Ultrasound,Hepatobiliary;Retroperitoneum;Bladder;Genitourinary (Male)
DPM89273,DPM89273.MP3,89273.jpg,"ABDOMINAL AND PELVIC RETROPERITONEAL ULTRASONOGRAPHY:
Liver has normal size and homogenous parenchymal echo with no S.O.L. .
Hepatic and portosplenic venous system have normal diameter.
Intra and extra hepatic biliary ducts appear normal .
Gall bladder has normal wall thickness with no mass , or stone.
Spleen is mildly enlarged (128x54 mm) with normal parenchymal echogenicity with no sign of mass lesion .
Visualized of pancreas has normal size and echo with no S.O.L.
No para aortic mass or enlarged lymph node seen .
Both kidneys show normal size ( right = 103x35mm & left= 100x38 mm ) , contour and parenchymal echotexture.
There is 17 mm simple cortical cyst in mid pole of right kidney .
There is 3 mm stone in mid pole of left kidney with no hydronephrosis .
There is no evidence of hydronephrosis or stone in right kidney .
Urinary bladder is semi distended with diffuse irregular thick (5.2mm) wall with sacculation with no stone or mass in favor of chronic outlet obstruction .
No ascites or fluid collection is seen.
Prostate is significantly enlarged , measuring about ( 74x69x80mm) , volume = 212 cc , with lobulated border and heterogenous parenchymal echogenicity & bulging into the base of urinary bladder in favor of B.P.H. however correlation with PSA & FNA for R/O malignant lesion is recommended .
Seminal vessicles appear normal .
There is no definite sign of mass or collection in visualized part of retroperitoneal space.
",Ultrasound,Hepatobiliary;Retroperitoneum;Bladder;Genitourinary (Male)
